{"channel":{"id":276330,"name":"Soil Monitor","description":"Plant in my office","latitude":"42.3","longitude":"-71.35","field1":"Soil Monitor Voltage","field2":"DeviceTime","field3":"Wet Value","field4":"Manual Water Record","field5":"Dry Value","field6":"Email Flag","field7":"Office Temperature","field8":"Office Humidity","created_at":"2017-05-22T18:31:31Z","updated_at":"2024-04-17T15:26:21Z","elevation":"181","last_entry_id":130928},"feeds":[{"created_at":"2024-07-01T12:01:26Z","entry_id":130829,"field1":"5108","field2":"86102","field3":null,"field4":null,"field5":null,"field6":null,"field7":"66.92","field8":"76.00"},{"created_at":"2024-07-01T12:30:04Z","entry_id":130830,"field1":"5","field2":"8634","field3":null,"field4":null,"field5":null,"field6":null,"field7":"67.10","field8":"78.00"},{"created_at":"2024-07-01T12:58:39Z","entry_id":130831,"field1":"5","field2":"8634","field3":null,"field4":null,"field5":null,"field6":null,"field7":"67.46","field8":"78.00"},{"created_at":"2024-07-01T13:27:16Z","entry_id":130832,"field1":"5","field2":"8631","field3":null,"field4":null,"field5":null,"field6":null,"field7":"67.82","field8":"79.00"},{"created_at":"2024-07-01T13:55:55Z","entry_id":130833,"field1":"5","field2":"8631","field3":null,"field4":null,"field5":null,"field6":null,"field7":"68.18","field8":"80.00"},{"created_at":"2024-07-01T14:24:35Z","entry_id":130834,"field1":"5","field2":"8631","field3":null,"field4":null,"field5":null,"field6":null,"field7":"68.36","field8":"81.00"},{"created_at":"2024-07-01T14:53:10Z","entry_id":130835,"field1":"5","field2":"8632","field3":null,"field4":null,"field5":null,"field6":null,"field7":"68.72","field8":"82.00"},{"created_at":"2024-07-01T15:21:46Z","entry_id":130836,"field1":"5","field2":"8631","field3":null,"field4":null,"field5":null,"field6":null,"field7":"68.90","field8":"83.00"},{"created_at":"2024-07-01T15:50:22Z","entry_id":130837,"field1":"5","field2":"8632","field3":null,"field4":null,"field5":null,"field6":null,"field7":"68.90","field8":"83.00"},{"created_at":"2024-07-01T16:19:00Z","entry_id":130838,"field1":"5","field2":"8631","field3":null,"field4":null,"field5":null,"field6":null,"field7":"69.08","field8":"83.00"},{"created_at":"2024-07-01T16:47:36Z","entry_id":130839,"field1":"5","field2":"8633","field3":null,"field4":null,"field5":null,"field6":null,"field7":"69.44","field8":"84.00"},{"created_at":"2024-07-01T17:16:14Z","entry_id":130840,"field1":"5","field2":"8632","field3":null,"field4":null,"field5":null,"field6":null,"field7":"69.62","field8":"84.00"},{"created_at":"2024-07-01T17:44:48Z","entry_id":130841,"field1":"5","field2":"8633","field3":null,"field4":null,"field5":null,"field6":null,"field7":"69.80","field8":"85.00"},{"created_at":"2024-07-01T18:13:28Z","entry_id":130842,"field1":"5","field2":"8634","field3":null,"field4":null,"field5":null,"field6":null,"field7":"69.80","field8":"85.00"},{"created_at":"2024-07-01T18:42:05Z","entry_id":130843,"field1":"5","field2":"8632","field3":null,"field4":null,"field5":null,"field6":null,"field7":"69.80","field8":"85.00"},{"created_at":"2024-07-01T19:10:41Z","entry_id":130844,"field1":"5","field2":"8632","field3":null,"field4":null,"field5":null,"field6":null,"field7":"69.80","field8":"85.00"},{"created_at":"2024-07-01T19:39:18Z","entry_id":130845,"field1":"5","field2":"8632","field3":null,"field4":null,"field5":null,"field6":null,"field7":"69.98","field8":"85.00"},{"created_at":"2024-07-01T20:07:54Z","entry_id":130846,"field1":"5","field2":"8632","field3":null,"field4":null,"field5":null,"field6":null,"field7":"69.98","field8":"85.00"},{"created_at":"2024-07-01T20:36:33Z","entry_id":130847,"field1":"5","field2":"8633","field3":null,"field4":null,"field5":null,"field6":null,"field7":"70.16","field8":"85.00"},{"created_at":"2024-07-01T21:05:11Z","entry_id":130848,"field1":"5","field2":"8633","field3":null,"field4":null,"field5":null,"field6":null,"field7":"70.34","field8":"85.00"},{"created_at":"2024-07-01T21:33:48Z","entry_id":130849,"field1":"5","field2":"8636","field3":null,"field4":null,"field5":null,"field6":null,"field7":"70.34","field8":"86.00"},{"created_at":"2024-07-01T22:02:26Z","entry_id":130850,"field1":"5","field2":"8633","field3":null,"field4":null,"field5":null,"field6":null,"field7":"70.52","field8":"86.00"},{"created_at":"2024-07-01T22:31:01Z","entry_id":130851,"field1":"5","field2":"8632","field3":null,"field4":null,"field5":null,"field6":null,"field7":"70.52","field8":"86.00"},{"created_at":"2024-07-01T22:59:37Z","entry_id":130852,"field1":"5","field2":"8634","field3":null,"field4":null,"field5":null,"field6":null,"field7":"70.70","field8":"86.00"},{"created_at":"2024-07-01T23:28:14Z","entry_id":130853,"field1":"5","field2":"8634","field3":null,"field4":null,"field5":null,"field6":null,"field7":"70.70","field8":"86.00"},{"created_at":"2024-07-01T23:56:52Z","entry_id":130854,"field1":"5","field2":"8634","field3":null,"field4":null,"field5":null,"field6":null,"field7":"70.88","field8":"87.00"},{"created_at":"2024-07-02T00:25:29Z","entry_id":130855,"field1":"5","field2":"8633","field3":null,"field4":null,"field5":null,"field6":null,"field7":"70.88","field8":"88.00"},{"created_at":"2024-07-02T00:54:06Z","entry_id":130856,"field1":"5","field2":"8632","field3":null,"field4":null,"field5":null,"field6":null,"field7":"71.06","field8":"89.00"},{"created_at":"2024-07-02T01:22:44Z","entry_id":130857,"field1":"5","field2":"8632","field3":null,"field4":null,"field5":null,"field6":null,"field7":"71.06","field8":"90.00"},{"created_at":"2024-07-02T01:51:22Z","entry_id":130858,"field1":"5","field2":"8634","field3":null,"field4":null,"field5":null,"field6":null,"field7":"71.24","field8":"90.00"},{"created_at":"2024-07-02T02:20:00Z","entry_id":130859,"field1":"5","field2":"8632","field3":null,"field4":null,"field5":null,"field6":null,"field7":"71.06","field8":"92.00"},{"created_at":"2024-07-02T02:48:35Z","entry_id":130860,"field1":"5","field2":"8632","field3":null,"field4":null,"field5":null,"field6":null,"field7":"71.24","field8":"94.00"},{"created_at":"2024-07-02T03:17:12Z","entry_id":130861,"field1":"8","field2":"8631","field3":null,"field4":null,"field5":null,"field6":null,"field7":"71.24","field8":"94.00"},{"created_at":"2024-07-02T03:45:49Z","entry_id":130862,"field1":"8","field2":"8634","field3":null,"field4":null,"field5":null,"field6":null,"field7":"71.24","field8":"94.00"},{"created_at":"2024-07-02T04:14:28Z","entry_id":130863,"field1":"8","field2":"8633","field3":null,"field4":null,"field5":null,"field6":null,"field7":"71.24","field8":"94.00"},{"created_at":"2024-07-02T04:43:07Z","entry_id":130864,"field1":"8","field2":"8632","field3":null,"field4":null,"field5":null,"field6":null,"field7":"71.24","field8":"94.00"},{"created_at":"2024-07-02T05:11:42Z","entry_id":130865,"field1":"8","field2":"8631","field3":null,"field4":null,"field5":null,"field6":null,"field7":"71.24","field8":"94.00"},{"created_at":"2024-07-02T05:40:20Z","entry_id":130866,"field1":"7","field2":"8632","field3":null,"field4":null,"field5":null,"field6":null,"field7":"71.24","field8":"94.00"},{"created_at":"2024-07-02T06:08:56Z","entry_id":130867,"field1":"7","field2":"8632","field3":null,"field4":null,"field5":null,"field6":null,"field7":"71.06","field8":"93.00"},{"created_at":"2024-07-02T06:37:33Z","entry_id":130868,"field1":"7","field2":"8633","field3":null,"field4":null,"field5":null,"field6":null,"field7":"71.06","field8":"92.00"},{"created_at":"2024-07-02T07:06:10Z","entry_id":130869,"field1":"7","field2":"8632","field3":null,"field4":null,"field5":null,"field6":null,"field7":"71.06","field8":"92.00"},{"created_at":"2024-07-02T07:34:46Z","entry_id":130870,"field1":"7","field2":"8634","field3":null,"field4":null,"field5":null,"field6":null,"field7":"70.88","field8":"91.00"},{"created_at":"2024-07-02T08:03:26Z","entry_id":130871,"field1":"6","field2":"8633","field3":null,"field4":null,"field5":null,"field6":null,"field7":"70.70","field8":"90.00"},{"created_at":"2024-07-02T08:32:02Z","entry_id":130872,"field1":"5","field2":"8633","field3":null,"field4":null,"field5":null,"field6":null,"field7":"70.70","field8":"90.00"},{"created_at":"2024-07-02T09:00:39Z","entry_id":130873,"field1":"5","field2":"8633","field3":null,"field4":null,"field5":null,"field6":null,"field7":"70.70","field8":"89.00"},{"created_at":"2024-07-02T09:29:16Z","entry_id":130874,"field1":"5","field2":"8632","field3":null,"field4":null,"field5":null,"field6":null,"field7":"70.34","field8":"88.00"},{"created_at":"2024-07-02T09:57:52Z","entry_id":130875,"field1":"5","field2":"8633","field3":null,"field4":null,"field5":null,"field6":null,"field7":"70.16","field8":"87.00"},{"created_at":"2024-07-02T10:26:27Z","entry_id":130876,"field1":"6","field2":"8632","field3":null,"field4":null,"field5":null,"field6":null,"field7":"70.16","field8":"86.00"},{"created_at":"2024-07-02T10:55:05Z","entry_id":130877,"field1":"5","field2":"8632","field3":null,"field4":null,"field5":null,"field6":null,"field7":"69.80","field8":"85.00"},{"created_at":"2024-07-02T11:23:43Z","entry_id":130878,"field1":"5","field2":"8633","field3":null,"field4":null,"field5":null,"field6":null,"field7":"69.62","field8":"85.00"},{"created_at":"2024-07-02T11:52:19Z","entry_id":130879,"field1":"5","field2":"8633","field3":null,"field4":null,"field5":null,"field6":null,"field7":"69.62","field8":"86.00"},{"created_at":"2024-07-02T12:20:57Z","entry_id":130880,"field1":"5","field2":"8632","field3":null,"field4":null,"field5":null,"field6":null,"field7":"69.62","field8":"86.00"},{"created_at":"2024-07-02T12:49:35Z","entry_id":130881,"field1":"5","field2":"8631","field3":null,"field4":null,"field5":null,"field6":null,"field7":"69.62","field8":"86.00"},{"created_at":"2024-07-02T13:18:13Z","entry_id":130882,"field1":"6","field2":"8632","field3":null,"field4":null,"field5":null,"field6":null,"field7":"69.80","field8":"88.00"},{"created_at":"2024-07-02T13:46:50Z","entry_id":130883,"field1":"5","field2":"8632","field3":null,"field4":null,"field5":null,"field6":null,"field7":"69.80","field8":"89.00"},{"created_at":"2024-07-02T14:15:26Z","entry_id":130884,"field1":"5","field2":"8633","field3":null,"field4":null,"field5":null,"field6":null,"field7":"69.80","field8":"90.00"},{"created_at":"2024-07-02T14:44:05Z","entry_id":130885,"field1":"6","field2":"8632","field3":null,"field4":null,"field5":null,"field6":null,"field7":"69.98","field8":"90.00"},{"created_at":"2024-07-02T15:12:43Z","entry_id":130886,"field1":"5","field2":"8635","field3":null,"field4":null,"field5":null,"field6":null,"field7":"69.98","field8":"89.00"},{"created_at":"2024-07-02T15:41:21Z","entry_id":130887,"field1":"5","field2":"8633","field3":null,"field4":null,"field5":null,"field6":null,"field7":"70.16","field8":"89.00"},{"created_at":"2024-07-02T16:10:00Z","entry_id":130888,"field1":"6","field2":"8632","field3":null,"field4":null,"field5":null,"field6":null,"field7":"70.34","field8":"89.00"},{"created_at":"2024-07-02T16:38:38Z","entry_id":130889,"field1":"6","field2":"8633","field3":null,"field4":null,"field5":null,"field6":null,"field7":"70.34","field8":"87.00"},{"created_at":"2024-07-02T17:07:16Z","entry_id":130890,"field1":"5","field2":"8634","field3":null,"field4":null,"field5":null,"field6":null,"field7":"70.52","field8":"87.00"},{"created_at":"2024-07-02T17:35:53Z","entry_id":130891,"field1":"5","field2":"8633","field3":null,"field4":null,"field5":null,"field6":null,"field7":"70.70","field8":"86.00"},{"created_at":"2024-07-02T18:04:32Z","entry_id":130892,"field1":"5","field2":"8632","field3":null,"field4":null,"field5":null,"field6":null,"field7":"70.70","field8":"85.00"},{"created_at":"2024-07-02T18:33:09Z","entry_id":130893,"field1":"5","field2":"8631","field3":null,"field4":null,"field5":null,"field6":null,"field7":"70.88","field8":"85.00"},{"created_at":"2024-07-02T19:01:46Z","entry_id":130894,"field1":"5","field2":"8633","field3":null,"field4":null,"field5":null,"field6":null,"field7":"70.88","field8":"85.00"},{"created_at":"2024-07-02T19:30:25Z","entry_id":130895,"field1":"5","field2":"8632","field3":null,"field4":null,"field5":null,"field6":null,"field7":"71.24","field8":"85.00"},{"created_at":"2024-07-02T19:59:02Z","entry_id":130896,"field1":"5","field2":"8632","field3":null,"field4":null,"field5":null,"field6":null,"field7":"71.24","field8":"84.00"},{"created_at":"2024-07-02T20:27:40Z","entry_id":130897,"field1":"6","field2":"8632","field3":null,"field4":null,"field5":null,"field6":null,"field7":"71.42","field8":"84.00"},{"created_at":"2024-07-02T20:56:19Z","entry_id":130898,"field1":"6","field2":"8634","field3":null,"field4":null,"field5":null,"field6":null,"field7":"71.42","field8":"83.00"},{"created_at":"2024-07-02T21:24:57Z","entry_id":130899,"field1":"5","field2":"8632","field3":null,"field4":null,"field5":null,"field6":null,"field7":"71.60","field8":"84.00"},{"created_at":"2024-07-02T21:53:33Z","entry_id":130900,"field1":"5","field2":"8633","field3":null,"field4":null,"field5":null,"field6":null,"field7":"71.78","field8":"83.00"},{"created_at":"2024-07-02T22:22:12Z","entry_id":130901,"field1":"6","field2":"8633","field3":null,"field4":null,"field5":null,"field6":null,"field7":"71.78","field8":"83.00"},{"created_at":"2024-07-02T22:50:50Z","entry_id":130902,"field1":"5","field2":"8632","field3":null,"field4":null,"field5":null,"field6":null,"field7":"71.78","field8":"83.00"},{"created_at":"2024-07-02T23:19:28Z","entry_id":130903,"field1":"6","field2":"8633","field3":null,"field4":null,"field5":null,"field6":null,"field7":"71.96","field8":"82.00"},{"created_at":"2024-07-02T23:48:05Z","entry_id":130904,"field1":"5","field2":"8632","field3":null,"field4":null,"field5":null,"field6":null,"field7":"72.14","field8":"82.00"},{"created_at":"2024-07-03T00:16:44Z","entry_id":130905,"field1":"5","field2":"8632","field3":null,"field4":null,"field5":null,"field6":null,"field7":"71.96","field8":"82.00"},{"created_at":"2024-07-03T00:45:20Z","entry_id":130906,"field1":"5","field2":"8635","field3":null,"field4":null,"field5":null,"field6":null,"field7":"72.14","field8":"83.00"},{"created_at":"2024-07-03T01:13:59Z","entry_id":130907,"field1":"5","field2":"8632","field3":null,"field4":null,"field5":null,"field6":null,"field7":"72.14","field8":"82.00"},{"created_at":"2024-07-03T01:42:36Z","entry_id":130908,"field1":"6","field2":"8631","field3":null,"field4":null,"field5":null,"field6":null,"field7":"72.14","field8":"82.00"},{"created_at":"2024-07-03T02:11:14Z","entry_id":130909,"field1":"6","field2":"8633","field3":null,"field4":null,"field5":null,"field6":null,"field7":"72.14","field8":"82.00"},{"created_at":"2024-07-03T02:39:51Z","entry_id":130910,"field1":"5","field2":"8632","field3":null,"field4":null,"field5":null,"field6":null,"field7":"72.14","field8":"83.00"},{"created_at":"2024-07-03T03:08:29Z","entry_id":130911,"field1":"6","field2":"8632","field3":null,"field4":null,"field5":null,"field6":null,"field7":"72.14","field8":"83.00"},{"created_at":"2024-07-03T03:37:06Z","entry_id":130912,"field1":"6","field2":"8632","field3":null,"field4":null,"field5":null,"field6":null,"field7":"72.14","field8":"83.00"},{"created_at":"2024-07-03T04:05:45Z","entry_id":130913,"field1":"5","field2":"8633","field3":null,"field4":null,"field5":null,"field6":null,"field7":"71.96","field8":"83.00"},{"created_at":"2024-07-03T04:34:22Z","entry_id":130914,"field1":"6","field2":"8632","field3":null,"field4":null,"field5":null,"field6":null,"field7":"71.96","field8":"83.00"},{"created_at":"2024-07-03T05:02:59Z","entry_id":130915,"field1":"6","field2":"8631","field3":null,"field4":null,"field5":null,"field6":null,"field7":"71.78","field8":"83.00"},{"created_at":"2024-07-03T05:31:37Z","entry_id":130916,"field1":"6","field2":"8633","field3":null,"field4":null,"field5":null,"field6":null,"field7":"71.78","field8":"83.00"},{"created_at":"2024-07-03T06:00:14Z","entry_id":130917,"field1":"6","field2":"8632","field3":null,"field4":null,"field5":null,"field6":null,"field7":"71.60","field8":"82.00"},{"created_at":"2024-07-03T06:28:53Z","entry_id":130918,"field1":"6","field2":"8633","field3":null,"field4":null,"field5":null,"field6":null,"field7":"71.42","field8":"81.00"},{"created_at":"2024-07-03T06:57:29Z","entry_id":130919,"field1":"57","field2":"8631","field3":null,"field4":null,"field5":null,"field6":null,"field7":"71.24","field8":"81.00"},{"created_at":"2024-07-03T07:26:06Z","entry_id":130920,"field1":"5","field2":"8632","field3":null,"field4":null,"field5":null,"field6":null,"field7":"71.06","field8":"80.00"},{"created_at":"2024-07-03T07:54:43Z","entry_id":130921,"field1":"5","field2":"8632","field3":null,"field4":null,"field5":null,"field6":null,"field7":"71.06","field8":"80.00"},{"created_at":"2024-07-03T08:23:19Z","entry_id":130922,"field1":"5","field2":"8632","field3":null,"field4":null,"field5":null,"field6":null,"field7":"70.88","field8":"80.00"},{"created_at":"2024-07-03T08:51:55Z","entry_id":130923,"field1":"5","field2":"8631","field3":null,"field4":null,"field5":null,"field6":null,"field7":"70.70","field8":"80.00"},{"created_at":"2024-07-03T09:20:31Z","entry_id":130924,"field1":"6","field2":"8632","field3":null,"field4":null,"field5":null,"field6":null,"field7":"70.52","field8":"80.00"},{"created_at":"2024-07-03T09:49:06Z","entry_id":130925,"field1":"5","field2":"8632","field3":null,"field4":null,"field5":null,"field6":null,"field7":"70.34","field8":"80.00"},{"created_at":"2024-07-03T10:17:45Z","entry_id":130926,"field1":"5","field2":"8633","field3":null,"field4":null,"field5":null,"field6":null,"field7":"70.16","field8":"79.00"},{"created_at":"2024-07-03T10:46:22Z","entry_id":130927,"field1":"6","field2":"8631","field3":null,"field4":null,"field5":null,"field6":null,"field7":"69.80","field8":"79.00"},{"created_at":"2024-07-03T11:15:01Z","entry_id":130928,"field1":"6","field2":"8632","field3":null,"field4":null,"field5":null,"field6":null,"field7":"69.80","field8":"80.00"}]}